pid,object_type,source,sequence,rights,current_location,subject,creator,label,alt_title,local_id,lat,lon,_date,dimensions,found_in,location,description,publisher,full,manifest
ark:/21198/zz002b1ggp,map,Masters/Maps/southe/image/21198-zz002b1ggp_1980028_master.tif,1,copyrighted,"UCLA Library, Los Angeles",,,Hondius: Klare besgryving van Cabo de Bona Esperancia page 32,,,,,,,,,,,https://iiif.library.ucla.edu/iiif/2/ark%3A%2F21198%2Fzz002b1ggp,http://iiif.library.ucla.edu/ark%3A%2F21198%2Fzz002b1ggp/manifest
ark:/21198/zz002b1gh6,map,Masters/Maps/southe/image/21198-zz002b1gh6_1980039_master.tif,2,copyrighted,"UCLA Library, Los Angeles",,,Colburn's united Service magazine and navel and military journal:  part 1 page 289,,,,,,,,,,,https://iiif.library.ucla.edu/iiif/2/ark%3A%2F21198%2Fzz002b1gh6,http://iiif.library.ucla.edu/ark%3A%2F21198%2Fzz002b1gh6/manifest
ark:/21198/zz002b1gjq,map,Masters/Maps/southe/image/21198-zz002b1gjq_1980044_master.tif,3,copyrighted,"UCLA Library, Los Angeles",,,Lauts:  De Kaapsche landverhuizers of Nederlands page 138,,,,,,,,,,,https://iiif.library.ucla.edu/iiif/2/ark%3A%2F21198%2Fzz002b1gjq,http://iiif.library.ucla.edu/ark%3A%2F21198%2Fzz002b1gjq/manifest
ark:/21198/zz002b1gk7,map,Masters/Maps/southe/image/21198-zz002b1gk7_1980047_master.tif,4,copyrighted,"UCLA Library, Los Angeles",,,lichtenstein:  Reisen im sul dlichen Afrika in den Jahren...,,,,,,,,,,,https://iiif.library.ucla.edu/iiif/2/ark%3A%2F21198%2Fzz002b1gk7,http://iiif.library.ucla.edu/ark%3A%2F21198%2Fzz002b1gk7/manifest
ark:/21198/zz002bwrz0,map,Masters/Maps/southe/image/SAMAPS_Alexander_0023.tif,5,copyrighted,"UCLA Library, Los Angeles",,,Sketch map of the eastern frontier,,SAMAPS_Alexander_0023,-30.559482,22.937506,1837,9.3 x 15.8 cm,"Alexander, James Edward. Narrative of a voyage of observation among the colonies of Western Africa, in the flag-ship Thalia. London : H. Colburn, 1837.",South Africa,,,https://iiif.library.ucla.edu/iiif/2/ark%3A%2F21198%2Fzz002bwrz0,http://iiif.library.ucla.edu/ark%3A%2F21198%2Fzz002bwrz0/manifest
ark:/21198/zz002bws00,map,Masters/Maps/southe/image/SAMAPS_Allemann_0006.tif,6,copyrighted,"UCLA Library, Los Angeles",,,Carte du Cap de Bonne Esperance et de ses environs,,SAMAPS_Allemann_0006,-34.3570158,18.473668,[1919],12.7 x 10.7 cm,"Mentzel, O. F. Life at the Cape in mid-eighteenth century. Cape Town : The Van Riebeeck society, 1919.",Cape of Good Hope (South Africa),,,https://iiif.library.ucla.edu/iiif/2/ark%3A%2F21198%2Fzz002bws00,http://iiif.library.ucla.edu/ark%3A%2F21198%2Fzz002bws00/manifest
ark:/21198/zz002bws1h,map,Masters/Maps/southe/image/SAMAPS_Arbousset_0047.tif,7,copyrighted,"UCLA Library, Los Angeles",,,Map illustrative of tour of Messrs. Arbonsset & Doumos,,SAMAPS_Arbousset_0047,-30.559482,22.937506,[1968],29.4 x 28.8 cm,"Arbousset, Jean Thomas. Narrative of an exploratory tour to the north-east of the colony of the Cape of Good Hope. Cape Town: Struik, 1968.",South Africa,,,https://iiif.library.ucla.edu/iiif/2/ark%3A%2F21198%2Fzz002bws1h,http://iiif.library.ucla.edu/ark%3A%2F21198%2Fzz002bws1h/manifest
ark:/21198/zz002bws21,map,Masters/Maps/southe/image/SAMAPS_Berkeley_0060.tif,8,copyrighted,"UCLA Library, Los Angeles",,,Skeleton map of a portion of the eastern frontier of the Cape of Good Hope,,SAMAPS_Berkeley_0060,-32.9833333,27.8666667,[n.d.],29.6 x 37.4 cm,"Berkeley, G. F.-H. Memoranda on the Kaffir War in 1847. [n.p., n.d.].",Eastern Cape (South Africa),,,https://iiif.library.ucla.edu/iiif/2/ark%3A%2F21198%2Fzz002bws21,http://iiif.library.ucla.edu/ark%3A%2F21198%2Fzz002bws21/manifest
ark:/21198/zz002bws3j,map,Masters/Maps/southe/image/SAMAPS_Botha_0024.tif,9,copyrighted,"UCLA Library, Los Angeles",,,"Topographical sketch of the Kat River settlement, & adjacent country",,SAMAPS_Botha_0024,-30.559482,22.937506,1852,18 x 22 cm,"Botha, Andries. Trial of Andries Botha, Field-Cornet of the Upper Blinkwater, in the Kat River Settlement, for high treason in the Supreme Court of the Colony of the Cape of Good Hope, on the 12th May, 1852, and subsequent days. [Pretoria : State Library, 1969].",South Africa,,,https://iiif.library.ucla.edu/iiif/2/ark%3A%2F21198%2Fzz002bws3j,http://iiif.library.ucla.edu/ark%3A%2F21198%2Fzz002bws3j/manifest
ark:/21198/zz002bws42,map,Masters/Maps/southe/image/SAMAPS_Bowdich_0018.tif,10,copyrighted,"UCLA Library, Los Angeles",,,A sketch of the interior of Mozambiue and Benguela,,SAMAPS_Bowdich_0018,-18.665695,35.529562,1822,7.5 x 19.5 cm,"Bowdich, T. Edward. An account of the discoveries of the Portuguese in the interior of Angola and Mozambique. New York : AMS Press, [1980].",Mozambique,,,https://iiif.library.ucla.edu/iiif/2/ark%3A%2F21198%2Fzz002bws42,http://iiif.library.ucla.edu/ark%3A%2F21198%2Fzz002bws42/manifest
ark:/21198/zz002bws5k,map,Masters/Maps/southe/image/SAMAPS_Burchell_0048.tif,11,copyrighted,"UCLA Library, Los Angeles",,,Eastern portion of Burchell's travels 1811-1812,,SAMAPS_Burchell_0048,-29.6683333,22.7438889,[1953],21.4 x 11 cm,"Burchell, William J. Travels in the interior of southern Africa, volume 2. London: Batchworth Press, [1953].",Prieska (South Africa),,,https://iiif.library.ucla.edu/iiif/2/ark%3A%2F21198%2Fzz002bws5k,http://iiif.library.ucla.edu/ark%3A%2F21198%2Fzz002bws5k/manifest
ark:/21198/zz002bws63,map,Masters/Maps/southe/image/SAMAPS_Burchell_0054.tif,12,copyrighted,"UCLA Library, Los Angeles",,,Route of Burchell's Travels,,SAMAPS_Burchell_0054,-33.9248685,18.4240553,[1953],40.6 x 40 cm,"Burchell, William J. Travels in the interior of southern Africa, volume 1. London: Batchworth Press, [1953].",South Africa,,,https://iiif.library.ucla.edu/iiif/2/ark%3A%2F21198%2Fzz002bws63,http://iiif.library.ucla.edu/ark%3A%2F21198%2Fzz002bws63/manifest
ark:/21198/zz002bws7m,map,Masters/Maps/southe/image/SAMAPS_Burchell_0061.tif,13,copyrighted,"UCLA Library, Los Angeles",,,"A map of the extratropical part of Southern Africa, constructed by William J. Burchell, Esqr.",,SAMAPS_Burchell_0061,-30.559482,22.937506,[1967],81.9 x 69.9 cm,"Burchell, William J. Travels in the interior of southern Africa. Cape Town : C. Struik, 1967.",South Africa,,,https://iiif.library.ucla.edu/iiif/2/ark%3A%2F21198%2Fzz002bws7m,http://iiif.library.ucla.edu/ark%3A%2F21198%2Fzz002bws7m/manifest
ark:/21198/zz002bws84,map,Masters/Maps/southe/image/SAMAPS_Burchell_0062.tif,14,copyrighted,"UCLA Library, Los Angeles",,,SAMAPS_Burchell_0062,,SAMAPS_Burchell_0062,,,,,,,,,https://iiif.library.ucla.edu/iiif/2/ark%3A%2F21198%2Fzz002bws84,http://iiif.library.ucla.edu/ark%3A%2F21198%2Fzz002bws84/manifest
ark:/21198/zz002bws9n,map,Masters/Maps/southe/image/SAMAPS_Campbell_0005.tif,15,copyrighted,"UCLA Library, Los Angeles",,,South Africa,,SAMAPS_Campbell_0005,-30.559482,22.937506,1815,25.2 x 40 cm,"Campbell, John. Travels in South Africa. London : Black and Parry, 1815.",South Africa,,,https://iiif.library.ucla.edu/iiif/2/ark%3A%2F21198%2Fzz002bws9n,http://iiif.library.ucla.edu/ark%3A%2F21198%2Fzz002bws9n/manifest
ark:/21198/zz002bwsb5,map,Masters/Maps/southe/image/SAMAPS_Cathcart_a_0037.tif,16,copyrighted,"UCLA Library, Los Angeles",,,"State of the frontier since the peace, April 1853",,SAMAPS_Cathcart_a_0037,-30.559482,22.937506,1856,22.3 x 15.2 cm,"Cathcart, George. Correspondence of Lieut.-General the Hon. Sir George Cathcart, K.C.B. London : J. Murray, 1856.",South Africa,,,https://iiif.library.ucla.edu/iiif/2/ark%3A%2F21198%2Fzz002bwsb5,http://iiif.library.ucla.edu/ark%3A%2F21198%2Fzz002bwsb5/manifest
ark:/21198/zz002bwscp,map,Masters/Maps/southe/image/SAMAPS_Cathcart_b_0038.tif,17,copyrighted,"UCLA Library, Los Angeles",,,"State of the rebellion, April 1852",,SAMAPS_Cathcart_b_0038,-30.559482,22.937506,1856,22.2 x 15.9 cm,"Cathcart, George. Correspondence of Lieut.-General the Hon. Sir George Cathcart, K.C.B. London : J. Murray, 1856.",South Africa,,,https://iiif.library.ucla.edu/iiif/2/ark%3A%2F21198%2Fzz002bwscp,http://iiif.library.ucla.edu/ark%3A%2F21198%2Fzz002bwscp/manifest
ark:/21198/zz002bwsd6,map,Masters/Maps/southe/image/SAMAPS_Cathcart_c_0039.tif,18,copyrighted,"UCLA Library, Los Angeles",,,Plan to show the boundary of the Tambookie location,,SAMAPS_Cathcart_c_0039,-30.559482,22.937506,1856,,"Cathcart, George. Correspondence of Lieut.-General the Hon. Sir George Cathcart, K.C.B. London : J. Murray, 1856.",South Africa,,,https://iiif.library.ucla.edu/iiif/2/ark%3A%2F21198%2Fzz002bwsd6,http://iiif.library.ucla.edu/ark%3A%2F21198%2Fzz002bwsd6/manifest
ark:/21198/zz002bwsfq,map,Masters/Maps/southe/image/SAMAPS_Cathcart_d_0040.tif,19,copyrighted,"UCLA Library, Los Angeles",,,Rough sketch of site of posts on the eastern frontier and British Kaffraria (Cape of Good Hope),,SAMAPS_Cathcart_d_0040,-34.3570158,18.473668,[1856],17.1 x 23.3 cm,"Cathcart, George. Correspondence of Lieut.-General the Hon. Sir George Cathcart, K.C.B. London : J. Murray, 1856.",Cape of Good Hope (South Africa),,,https://iiif.library.ucla.edu/iiif/2/ark%3A%2F21198%2Fzz002bwsfq,http://iiif.library.ucla.edu/ark%3A%2F21198%2Fzz002bwsfq/manifest
ark:/21198/zz002bwsg7,map,Masters/Maps/southe/image/SAMAPS_Cathcart_e_0041.tif,20,copyrighted,"UCLA Library, Los Angeles",,,General plan of the Kroome Mountain &c. Water Kloof,,SAMAPS_Cathcart_e_0041,-30.559482,22.937506,[1856],12 x 18.2 cm,"Cathcart, George. Correspondence of Lieut.-General the Hon. Sir George Cathcart, K.C.B. London : J. Murray, 1856.",South Africa,,,https://iiif.library.ucla.edu/iiif/2/ark%3A%2F21198%2Fzz002bwsg7,http://iiif.library.ucla.edu/ark%3A%2F21198%2Fzz002bwsg7/manifest
ark:/21198/zz002bwshr,map,Masters/Maps/southe/image/SAMAPS_Cathcart_f_0042.tif,21,copyrighted,"UCLA Library, Los Angeles",,,Plan to show the military posts for the occupation of the Amatolas,,SAMAPS_Cathcart_f_0042,-30.559482,22.937506,1856,17 x 23.2 cm,"Cathcart, George. Correspondence of Lieut.-General the Hon. Sir George Cathcart, K.C.B. London : J. Murray, 1856.",South Africa,,,https://iiif.library.ucla.edu/iiif/2/ark%3A%2F21198%2Fzz002bwshr,http://iiif.library.ucla.edu/ark%3A%2F21198%2Fzz002bwshr/manifest
ark:/21198/zz002bwsj8,map,Masters/Maps/southe/image/SAMAPS_Cathcart_g_0043.tif,22,copyrighted,"UCLA Library, Los Angeles",,,Sketch showing the site of operations near Thaba Bosigo,,SAMAPS_Cathcart_g_0043,-30.559482,22.937506,1856,20.2 x 12.2 cm,"Cathcart, George. Correspondence of Lieut.-General the Hon. Sir George Cathcart, K.C.B. London : J. Murray, 1856.",South Africa,,,https://iiif.library.ucla.edu/iiif/2/ark%3A%2F21198%2Fzz002bwsj8,http://iiif.library.ucla.edu/ark%3A%2F21198%2Fzz002bwsj8/manifest
ark:/21198/zz002bwsks,map,Masters/Maps/southe/image/SAMAPS_Colburn_0044.tif,23,copyrighted,"UCLA Library, Los Angeles",,,Port Natal and country adjacent,,SAMAPS_Colburn_0044,-29.8606916,31.0361602,[1839],9.7 x 9.2 cm,"Colburn’s united service magazine and naval and military journal. London : H. Colburn [etc], 1829-1882.",Natal Bay (South Africa),,,https://iiif.library.ucla.edu/iiif/2/ark%3A%2F21198%2Fzz002bwsks,http://iiif.library.ucla.edu/ark%3A%2F21198%2Fzz002bwsks/manifest
ark:/21198/zz002bwsm9,map,Masters/Maps/southe/image/SAMAPS_Colburn_0046.tif,24,copyrighted,"UCLA Library, Los Angeles",,,"Kostantinah, and its immediate environs. 1837",,SAMAPS_Colburn_0046,36.35,6.6,[1839],7.3 x 9.5 cm,"Colburn’s united service magazine and naval and military journal. London: H. Colburn [etc], 1829-1882.",Constantine (Algeria),,,https://iiif.library.ucla.edu/iiif/2/ark%3A%2F21198%2Fzz002bwsm9,http://iiif.library.ucla.edu/ark%3A%2F21198%2Fzz002bwsm9/manifest
ark:/21198/zz002bwsnt,map,Masters/Maps/southe/image/SAMAPS_Fisher_a_0021.tif,25,copyrighted,"UCLA Library, Los Angeles",,,[Autograph letter from R. B. Fisher],,SAMAPS_Fisher_a_0021,,,1816,,"Fisher, Richard Barnard. The importance of the Cape of Good Hope, as a colony to Great Britain. London : T. Cadell and W. Davies, 1816.",,,,https://iiif.library.ucla.edu/iiif/2/ark%3A%2F21198%2Fzz002bwsnt,http://iiif.library.ucla.edu/ark%3A%2F21198%2Fzz002bwsnt/manifest
ark:/21198/zz002bwspb,map,Masters/Maps/southe/image/SAMAPS_Fisher_b_0022.tif,26,copyrighted,"UCLA Library, Los Angeles",,,[Map of Saladanha Bay],,SAMAPS_Fisher_b_0022,-34.3570158,18.473668,[1816],10.5 x 22 cm,"Fisher, Richard Barnard. The importance of the Cape of Good Hope, as a colony to Great Britain. London : T. Cadell and W. Davies, 1816.",Cape of Good Hope (South Africa),,,https://iiif.library.ucla.edu/iiif/2/ark%3A%2F21198%2Fzz002bwspb,http://iiif.library.ucla.edu/ark%3A%2F21198%2Fzz002bwspb/manifest
ark:/21198/zz002bwsqv,map,Masters/Maps/southe/image/SAMAPS_Fleming_a_0019.tif,27,copyrighted,"UCLA Library, Los Angeles",,,Map of South Africa,,SAMAPS_Fleming_a_0019,-30.559482,22.937506,[1856],17.5 x 18.8 cm,"Flemyng, Francis Patrick. Southern Africa. London : A. Hall, Virtue, and co.; [etc., etc.], 1856.",South Africa,,,https://iiif.library.ucla.edu/iiif/2/ark%3A%2F21198%2Fzz002bwsqv,http://iiif.library.ucla.edu/ark%3A%2F21198%2Fzz002bwsqv/manifest
ark:/21198/zz002bwsrc,map,Masters/Maps/southe/image/SAMAPS_Fleming_b_0020.tif,28,copyrighted,"UCLA Library, Los Angeles",,,Map of the Cape of Good Hope,,SAMAPS_Fleming_b_0020,-30.559482,22.937506,[1856],19.6 x 47 cm,"Flemyng, Francis Patrick. Southern Africa. London : A. Hall, Virtue, and co.; [etc., etc.], 1856.",South Africa,,,https://iiif.library.ucla.edu/iiif/2/ark%3A%2F21198%2Fzz002bwsrc,http://iiif.library.ucla.edu/ark%3A%2F21198%2Fzz002bwsrc/manifest
ark:/21198/zz002bwssw,map,Masters/Maps/southe/image/SAMAPS_Hamilton_a_0055.tif,29,copyrighted,"UCLA Library, Los Angeles",,,A general mapp of the sea coasts of Africa from the Cape of Good Hope to Cape Guardafoy with the inhabited islands in those seas,,SAMAPS_Hamilton_a_0055,29.0697021,48.160457,[1930],20.2 x 27.1 cm,"Hamilton, Alexander. A new account of the East Indies. London: The Argonaut press, 1930.",Persian Gulf,,,https://iiif.library.ucla.edu/iiif/2/ark%3A%2F21198%2Fzz002bwssw,http://iiif.library.ucla.edu/ark%3A%2F21198%2Fzz002bwssw/manifest
ark:/21198/zz002bwstd,map,Masters/Maps/southe/image/SAMAPS_Hamilton_b_0056.tif,30,copyrighted,"UCLA Library, Los Angeles",,,A mapp of the sea coast of Persia from Boserah to the River Indus,,SAMAPS_Hamilton_b_0056,24.7142573,58.7373634,[1930],27.3 x 20.4 cm,"Hamilton, Alexander. A new account of the East Indies. London: The Argonaut press, 1930.","Oman, Gulf of",,,https://iiif.library.ucla.edu/iiif/2/ark%3A%2F21198%2Fzz002bwstd,http://iiif.library.ucla.edu/ark%3A%2F21198%2Fzz002bwstd/manifest
ark:/21198/zz002bwsvx,map,Masters/Maps/southe/image/SAMAPS_Hamilton_c_0057.tif,31,copyrighted,"UCLA Library, Los Angeles",,,A general map of India Intra Ganges,,SAMAPS_Hamilton_c_0057,15.53837592629210,77.34375,[1930],19.5 x 31.6 cm,"Hamilton, Alexander. A new account of the East Indies. London: The Argonaut press, 1930.",India,,,https://iiif.library.ucla.edu/iiif/2/ark%3A%2F21198%2Fzz002bwsvx,http://iiif.library.ucla.edu/ark%3A%2F21198%2Fzz002bwsvx/manifest
ark:/21198/zz002bwswf,map,Masters/Maps/southe/image/SAMAPS_Holden_a_0050.tif,32,copyrighted,"UCLA Library, Los Angeles",,,Chart of Port Natal,,SAMAPS_Holden_a_0050,-29.866226,31.01743,[1963],19 x 25.5 cm,"Holden, William Clifford. History of the colony of Natal. Cape Town: C. Struik, 1963.",Natal Bay (South Africa),,,https://iiif.library.ucla.edu/iiif/2/ark%3A%2F21198%2Fzz002bwswf,http://iiif.library.ucla.edu/ark%3A%2F21198%2Fzz002bwswf/manifest
ark:/21198/zz002bwsxz,map,Masters/Maps/southe/image/SAMAPS_Holden_b_0051.tif,33,copyrighted,"UCLA Library, Los Angeles",,,Sketch of the British Colonies South Africa,,SAMAPS_Holden_b_0051,-34.3570158,18.473668,[1963],18.6 x 24.6 cm,"Holden, William Clifford. History of the colony of Natal. Cape Town: C. Struik, 1963.",South Africa,,,https://iiif.library.ucla.edu/iiif/2/ark%3A%2F21198%2Fzz002bwsxz,http://iiif.library.ucla.edu/ark%3A%2F21198%2Fzz002bwsxz/manifest
ark:/21198/zz002bwszg,map,Masters/Maps/southe/image/SAMAPS_Holden_c_0052.tif,34,copyrighted,"UCLA Library, Los Angeles",,,Sketch of the sovereignty beyond the Orange River,,SAMAPS_Holden_c_0052,-30.559482,22.937506,[1963],20.5 x 25.5 cm,"Holden, William Clifford. History of the colony of Natal. Cape Town: C. Struik, 1963.",South Africa,,,https://iiif.library.ucla.edu/iiif/2/ark%3A%2F21198%2Fzz002bwszg,http://iiif.library.ucla.edu/ark%3A%2F21198%2Fzz002bwszg/manifest
ark:/21198/zz002bwt0g,map,Masters/Maps/southe/image/SAMAPS_Holden_d_0053.tif,35,copyrighted,"UCLA Library, Los Angeles",,,Map of the Colony of Natal from the Umzimvubu River to Point Durnford,,SAMAPS_Holden_d_0053,-29.866226,31.01743,1852,19 x 36 cm,"Holden, William Clifford. History of the colony of Natal. Cape Town: C. Struik, 1963.",KwaZulu-Natal (South Africa),,,https://iiif.library.ucla.edu/iiif/2/ark%3A%2F21198%2Fzz002bwt0g,http://iiif.library.ucla.edu/ark%3A%2F21198%2Fzz002bwt0g/manifest
ark:/21198/zz002bwt10,map,Masters/Maps/southe/image/SAMAPS_Hondius_0049.tif,36,copyrighted,"UCLA Library, Los Angeles",,,"Pas-kaarte van de zuyd-west-kust van Africa; van Cabo Negro tot beoosten Cabo de Bona Esperanca. Niiwlyks besgreven en uyt-gegeven by Jodocus Hondius, etc.",,SAMAPS_Hondius_0049,-34.3570158,18.473668,1652,29.8 x 51.5 cm,"Hondius, Jodocus. Klare besgryving van Cabo de Bona Esperança. Kaapstad : Komitee vir Boekuitstalling, Van Riebeeck-Fees, 1952.",Cape of Good Hope (South Africa),,,https://iiif.library.ucla.edu/iiif/2/ark%3A%2F21198%2Fzz002bwt10,http://iiif.library.ucla.edu/ark%3A%2F21198%2Fzz002bwt10/manifest
ark:/21198/zz002bwt2h,map,Masters/Maps/southe/image/SAMAPS_Isaacs_0026.tif,37,copyrighted,"UCLA Library, Los Angeles",,,Chart of Port Natal,,SAMAPS_Isaacs_0026,-29.8606916,31.0361602,[1970],24.5 x 31 cm,"Isaacs, Nathaniel. Travels and adventures in Eastern Africa. Cape Town : C. Struik, 1970.",Natal Bay (South Africa),,,https://iiif.library.ucla.edu/iiif/2/ark%3A%2F21198%2Fzz002bwt2h,http://iiif.library.ucla.edu/ark%3A%2F21198%2Fzz002bwt2h/manifest
ark:/21198/zz002bwt31,map,Masters/Maps/southe/image/SAMAPS_Isaacs_0045.tif,38,copyrighted,"UCLA Library, Los Angeles",,,Chart of Port Natal,,SAMAPS_Isaacs_0045,-29.8606916,31.0361602,[1936-37],17 x 22 cm,"Isaacs, Nathaniel. Travels and adventures in eastern Africa. Cape Town : The Van Riebeeck society, 1936-37.",Natal Bay (South Africa),,,https://iiif.library.ucla.edu/iiif/2/ark%3A%2F21198%2Fzz002bwt31,http://iiif.library.ucla.edu/ark%3A%2F21198%2Fzz002bwt31/manifest
ark:/21198/zz002bwt4j,map,Masters/Maps/southe/image/SAMAPS_Latrobe_0027.tif,39,copyrighted,"UCLA Library, Los Angeles",,,The southern division of the Cape of Good Hope colony,,SAMAPS_Latrobe_0027,-34.3570158,18.473668,,22.1 x 53.1 cm,"Latrobe, Christian Ignatius. Journal of a visit to South Africa in 1815 and 1816 with some account of the missionary settlements of the United Brethren near the Cape of Good Hope. Cape Town : Struik, 1969.",Cape of Good Hope (South Africa),,,https://iiif.library.ucla.edu/iiif/2/ark%3A%2F21198%2Fzz002bwt4j,http://iiif.library.ucla.edu/ark%3A%2F21198%2Fzz002bwt4j/manifest
ark:/21198/zz002bwt52,map,Masters/Maps/southe/image/SAMAPS_Lauts_0059.tif,40,copyrighted,"UCLA Library, Los Angeles",,,Kaart van Natalia en van Afrika's zuidhoek opgemaakt in 1846 door G. Lauts,,SAMAPS_Lauts_0059,-30.559482,22.937506,1846,25.5 x 35 cm,"Lauts, Gerard. De Kaapsche landverhuizers, of Nederlands afstammelingen in Zuid-Afrika. Leyden : H.W. Hazenberg, 1847.",South Africa,,,https://iiif.library.ucla.edu/iiif/2/ark%3A%2F21198%2Fzz002bwt52,http://iiif.library.ucla.edu/ark%3A%2F21198%2Fzz002bwt52/manifest
ark:/21198/zz002bwt6k,map,Masters/Maps/southe/image/SAMAPS_Lichtenstein_0003.tif,41,copyrighted,"UCLA Library, Los Angeles",,,Karte des europaeischen gebiets am Vorgebirge der Guten Hoffnung,,SAMAPS_Lichtenstein_0003,-34.3570158,18.473668,1811,45.6 x 60 cm,"Lichtenstein, Hinrich. Reisen im südlichen Afrika in den Jahren 1803, 1804, 1805 und 1806. Stuttgart : Brockhaus, 1967.",Cape of Good Hope (South Africa),,,https://iiif.library.ucla.edu/iiif/2/ark%3A%2F21198%2Fzz002bwt6k,http://iiif.library.ucla.edu/ark%3A%2F21198%2Fzz002bwt6k/manifest
ark:/21198/zz002bwt73,map,Masters/Maps/southe/image/SAMAPS_Lichtenstein_0025.tif,42,copyrighted,"UCLA Library, Los Angeles",,,A chart of the southern extremity of Africa,,SAMAPS_Lichtenstein_0025,-34.3570158,18.473668,1806,23.8 x 34.5 cm,"Lichtenstein, Hinrich. Travels in southern Africa in the years 1803, 1804, 1805 and 1806. Cape Town : The Van Riebeeck society, 1928-30.",Cape of Good Hope (South Africa),,,https://iiif.library.ucla.edu/iiif/2/ark%3A%2F21198%2Fzz002bwt73,http://iiif.library.ucla.edu/ark%3A%2F21198%2Fzz002bwt73/manifest
ark:/21198/zz002bwt8m,map,Masters/Maps/southe/image/SAMAPS_Martin_0007.tif,43,copyrighted,"UCLA Library, Los Angeles",,,Mauritius or Isle of France,,SAMAPS_Martin_0007,-20.348404,57.552152,1836,18 x 10.5 cm,"Martin, Robert Montgomery. History of southern Africa. London : J. Mortimer, 1836.",Mauritius,,,https://iiif.library.ucla.edu/iiif/2/ark%3A%2F21198%2Fzz002bwt8m,http://iiif.library.ucla.edu/ark%3A%2F21198%2Fzz002bwt8m/manifest
ark:/21198/zz002bwt94,map,Masters/Maps/southe/image/SAMAPS_Martin_a_0028.tif,44,copyrighted,"UCLA Library, Los Angeles",,,Van Diemen's Island or Tasmania,,SAMAPS_Martin_a_0028,-41.3650419,146.6284905,[1851-57],35 x 26.5 cm,"Martin, Robert Montgomery. The British colonies. London and New York : London printing and publishing company, [1851-57].",Tasmania,,,https://iiif.library.ucla.edu/iiif/2/ark%3A%2F21198%2Fzz002bwt94,http://iiif.library.ucla.edu/ark%3A%2F21198%2Fzz002bwt94/manifest
ark:/21198/zz002bwtbn,map,Masters/Maps/southe/image/SAMAPS_Martin_b_0029.tif,45,copyrighted,"UCLA Library, Los Angeles",,,The world on Mercator projection shewing the voyages of Captain Cook round the world,,SAMAPS_Martin_b_0029,,,[1851-57],26.5 x 35 cm,"Martin, Robert Montgomery. The British colonies. London and New York : London printing and publishing company, [1851-57].",,,,https://iiif.library.ucla.edu/iiif/2/ark%3A%2F21198%2Fzz002bwtbn,http://iiif.library.ucla.edu/ark%3A%2F21198%2Fzz002bwtbn/manifest
ark:/21198/zz002bwtc5,map,Masters/Maps/southe/image/SAMAPS_Martin_c_0030.tif,46,copyrighted,"UCLA Library, Los Angeles",,,Islands in the Atlantic,,SAMAPS_Martin_c_0030,,,[1851-57],26.5 x 35 cm,"Martin, Robert Montgomery. The British colonies. London and New York : London printing and publishing company, [1851-57].",,,,https://iiif.library.ucla.edu/iiif/2/ark%3A%2F21198%2Fzz002bwtc5,http://iiif.library.ucla.edu/ark%3A%2F21198%2Fzz002bwtc5/manifest
ark:/21198/zz002bwtdp,map,Masters/Maps/southe/image/SAMAPS_Martin_d_0031.tif,47,copyrighted,"UCLA Library, Los Angeles",,,Africa,,SAMAPS_Martin_d_0031,-8.783195,34.508523,[1851-57],26.5 x 35 cm,"Martin, Robert Montgomery. The British colonies. London and New York : London printing and publishing company, [1851-57].",Africa,,,https://iiif.library.ucla.edu/iiif/2/ark%3A%2F21198%2Fzz002bwtdp,http://iiif.library.ucla.edu/ark%3A%2F21198%2Fzz002bwtdp/manifest
ark:/21198/zz002bwtf6,map,Masters/Maps/southe/image/SAMAPS_Martin_e_0032.tif,48,copyrighted,"UCLA Library, Los Angeles",,,Cape Colony,,SAMAPS_Martin_e_0032,-34.3570158,18.473668,[1851-57],26.5 x 35 cm,"Martin, Robert Montgomery. The British colonies. London and New York : London printing and publishing company, [1851-57].",Cape of Good Hope (South Africa),,,https://iiif.library.ucla.edu/iiif/2/ark%3A%2F21198%2Fzz002bwtf6,http://iiif.library.ucla.edu/ark%3A%2F21198%2Fzz002bwtf6/manifest
ark:/21198/zz002bwtgq,map,Masters/Maps/southe/image/SAMAPS_Martin_f_0033.tif,49,copyrighted,"UCLA Library, Los Angeles",,,Natal and Kaffraria,,SAMAPS_Martin_f_0033,-29.8606916,31.0361602,[1851-57],26.5 x 36 cm,"Martin, Robert Montgomery. The British colonies. London and New York : London printing and publishing company, [1851-57].",Natal Bay (South Africa),,,https://iiif.library.ucla.edu/iiif/2/ark%3A%2F21198%2Fzz002bwtgq,http://iiif.library.ucla.edu/ark%3A%2F21198%2Fzz002bwtgq/manifest
ark:/21198/zz002bwth7,map,Masters/Maps/southe/image/SAMAPS_Martin_g_0034.tif,50,copyrighted,"UCLA Library, Los Angeles",,,Western Africa,,SAMAPS_Martin_g_0034,9.081999,8.675277,[1851-57],26.5 x 35 cm,"Martin, Robert Montgomery. The British colonies. London and New York : London printing and publishing company, [1851-57].","Africa, West",,,https://iiif.library.ucla.edu/iiif/2/ark%3A%2F21198%2Fzz002bwth7,http://iiif.library.ucla.edu/ark%3A%2F21198%2Fzz002bwth7/manifest
ark:/21198/zz002bwtjr,map,Masters/Maps/southe/image/SAMAPS_Mentzel_a_0012.tif,51,copyrighted,"UCLA Library, Los Angeles",,,Charte von dem Vorgebürge der Guten Hofnung und den anhegenden Gegenden,,SAMAPS_Mentzel_a_0012,-34.3570158,18.473668,1778,14.9 x 12.6 cm,"Mentzel, O. F. A geographical and topographical description of the Cape of Good Hope. Cape Town : Van Riebeeck Society, 1921-44.",Cape of Good Hope (South Africa),,,https://iiif.library.ucla.edu/iiif/2/ark%3A%2F21198%2Fzz002bwtjr,http://iiif.library.ucla.edu/ark%3A%2F21198%2Fzz002bwtjr/manifest
ark:/21198/zz002bwtk8,map,Masters/Maps/southe/image/SAMAPS_Mentzel_b_0013.tif,52,copyrighted,"UCLA Library, Los Angeles",,,Mappa geographica Promontorii Bonae Spei,,SAMAPS_Mentzel_b_0013,-34.3570158,18.473668,1785,29.5 x 47 cm,"Mentzel, O. F. A geographical and topographical description of the Cape of Good Hope. Cape Town : Van Riebeeck Society, 1921-44.",Cape of Good Hope (South Africa),,,https://iiif.library.ucla.edu/iiif/2/ark%3A%2F21198%2Fzz002bwtk8,http://iiif.library.ucla.edu/ark%3A%2F21198%2Fzz002bwtk8/manifest
ark:/21198/zz002bwtms,map,Masters/Maps/southe/image/SAMAPS_Methley_0058.tif,53,copyrighted,"UCLA Library, Los Angeles",,,"Sketch of Natal, showing its proposed divisions, towns, villages, &c.",,SAMAPS_Methley_0058,-29.866226,31.01743,1850,21 x 15 cm,"Methley, James Erasmus. The new colony of Port Natal. London: Houlston & Stoneman, 1850.",Natal Bay (South Africa),,,https://iiif.library.ucla.edu/iiif/2/ark%3A%2F21198%2Fzz002bwtms,http://iiif.library.ucla.edu/ark%3A%2F21198%2Fzz002bwtms/manifest
ark:/21198/zz002bwtn9,map,Masters/Maps/southe/image/SAMAPS_Moffat_0011.tif,54,copyrighted,"UCLA Library, Los Angeles",,,South Africa; compiled for the Revd R. Moffat's work,,SAMAPS_Moffat_0011,-30.559482,22.937506,1842,23.2 x 22.7 cm,"Moffat, Robert. Missionary labours and scenes in Southern Africa. London : J. Snow, 1842.",South Africa,,,https://iiif.library.ucla.edu/iiif/2/ark%3A%2F21198%2Fzz002bwtn9,http://iiif.library.ucla.edu/ark%3A%2F21198%2Fzz002bwtn9/manifest
ark:/21198/zz002bwtpt,map,Masters/Maps/southe/image/SAMAPS_Owen_0014.tif,55,copyrighted,"UCLA Library, Los Angeles",,,"The ports of Conducia, Mozambique and Mokamba, on the east coast of Africa",,SAMAPS_Owen_0014,-14.9115441,40.6803583,1824,59 x 45 cm,"Owen, W. F. W. Narrative of voyages to explore the shores of Africa, Arabia and Madagascar. London : R. Bentley, 1833.",Condúcia Bay (Mozambique),,,https://iiif.library.ucla.edu/iiif/2/ark%3A%2F21198%2Fzz002bwtpt,http://iiif.library.ucla.edu/ark%3A%2F21198%2Fzz002bwtpt/manifest
ark:/21198/zz002bwtqb,map,Masters/Maps/southe/image/SAMAPS_Pringle_0008.tif,56,copyrighted,"UCLA Library, Los Angeles",,,"The ceded territory on the Caffer frontier; with the district of Albany, and part of Somerset",,SAMAPS_Pringle_0008,-33.30566,26.52453,1834,13.2 x 8.7 cm,"Pringle, Thomas. African sketches. London : E. Moxon, 1834.",Grahamstown (South Africa),,,https://iiif.library.ucla.edu/iiif/2/ark%3A%2F21198%2Fzz002bwtqb,http://iiif.library.ucla.edu/ark%3A%2F21198%2Fzz002bwtqb/manifest
ark:/21198/zz002bwtrv,map,Masters/Maps/southe/image/SAMAPS_Reizen_0035.tif,57,copyrighted,"UCLA Library, Los Angeles",,,[Map of the Cape of Good Hope],,SAMAPS_Reizen_0035,-34.3570158,18.473668,[1916-32],33.4 x 38.1 cm,"Godée Molsbergen, E. C. Reizen in Zuid-Afrika in de Hollandse tijd. ’s-Gravenhage : M. Nijhoff, 1916-32.",Cape of Good Hope (South Africa),,,https://iiif.library.ucla.edu/iiif/2/ark%3A%2F21198%2Fzz002bwtrv,http://iiif.library.ucla.edu/ark%3A%2F21198%2Fzz002bwtrv/manifest
ark:/21198/zz002bwtsc,map,Masters/Maps/southe/image/SAMAPS_Skelton_0001.tif,58,copyrighted,"UCLA Library, Los Angeles",,,Africa nuova tavola,,SAMAPS_Skelton_0001,-30.559482,22.937506,1561,14.2 x 19.9 cm,"Sanuto, Livio. Geografia dell’Africa. [Amsterdam]: Theatrum orbis terrarum, [1965].","Africa, Sub-Saharan",,,https://iiif.library.ucla.edu/iiif/2/ark%3A%2F21198%2Fzz002bwtsc,http://iiif.library.ucla.edu/ark%3A%2F21198%2Fzz002bwtsc/manifest
ark:/21198/zz002bwttw,map,Masters/Maps/southe/image/SAMAPS_Steedman__0010.tif,59,copyrighted,"UCLA Library, Los Angeles",,,South Africa; compiled from the M.S. maps in the Colonial Office,,SAMAPS_Steedman__0010,-30.559482,22.937506,1834,,"Steedman, Andrew. Wanderings and adventures in the interior of southern Africa. Cape Town : C. Struik, 1966.",South Africa,,,https://iiif.library.ucla.edu/iiif/2/ark%3A%2F21198%2Fzz002bwttw,http://iiif.library.ucla.edu/ark%3A%2F21198%2Fzz002bwttw/manifest
ark:/21198/zz002bwtvd,map,Masters/Maps/southe/image/SAMAPS_Stuart_0002.tif,60,copyrighted,"UCLA Library, Los Angeles",,,Kaart von Zuid-Afrika,,SAMAPS_Stuart_0002,-30.559482,22.937506,1854,36.5 x 48.2 cm,"Stuart, J. De Hollandsche Afrikanen en hunne Republiek in Zuid-Afrika. Amsterdam : G.W. Tielkemeijer, 1854.",South Africa,,,https://iiif.library.ucla.edu/iiif/2/ark%3A%2F21198%2Fzz002bwtvd,http://iiif.library.ucla.edu/ark%3A%2F21198%2Fzz002bwtvd/manifest
ark:/21198/zz002bwtwx,map,Masters/Maps/southe/image/SAMAPS_Ward_0009.tif,61,copyrighted,"UCLA Library, Los Angeles",,,Sketch map of the seat of war,,SAMAPS_Ward_0009,-33.93264,25.56995,[1848],9.5 x 15.6 cm,"Ward, Harriet. Five years in Kaffirland. London : H. Colburn, 1848.",Algoa Bay (South Africa),,,https://iiif.library.ucla.edu/iiif/2/ark%3A%2F21198%2Fzz002bwtwx,http://iiif.library.ucla.edu/ark%3A%2F21198%2Fzz002bwtwx/manifest
ark:/21198/zz002bwtxf,map,Masters/Maps/southe/image/SAMAPS_Ward_0016.tif,62,copyrighted,"UCLA Library, Los Angeles",,,Map of the scene of the present war in Kaffirland,,SAMAPS_Ward_0016,-30.559482,22.937506,1851,15 x 19 cm,"Ward, Harriet. The Cape and the Kaffirs: a diary of five years’ residence in Kaffirland. London : Bohn, 1860.",South Africa,,,https://iiif.library.ucla.edu/iiif/2/ark%3A%2F21198%2Fzz002bwtxf,http://iiif.library.ucla.edu/ark%3A%2F21198%2Fzz002bwtxf/manifest
ark:/21198/zz002bwtzz,map,Masters/Maps/southe/image/SAMPAS_Botelho_0017.tif,63,copyrighted,"UCLA Library, Los Angeles",,,Lourenço Marques (Bahia); planta levantada ultimamente (em 1825) pelo Capitão Owen da Marinha Britanica,,SAMPAS_Botelho_0017,-25.9666667,32.5833333,[1835-1837],30 x 24.5 cm,"Xavier Botelho, Sebastião. Memoria estatistica sobre os dominios portuguezes na Africa oriental. Lisboa: Typ. de J. B. Morando, 1835-37.",Maputo Bay (Mozambique),,,https://iiif.library.ucla.edu/iiif/2/ark%3A%2F21198%2Fzz002bwtzz,http://iiif.library.ucla.edu/ark%3A%2F21198%2Fzz002bwtzz/manifest
ark:/21198/zz002h6p6r,map,Masters/Maps/southe/image/21198-zz002h6p6r_2251486_master.tif,64,copyrighted,"UCLA Library, Los Angeles",,,A New and Correct Map of Africa.|~|A New and Correct Map of Africa.,,,,,1748,35 x 45 cm,"Harris, John. Navigantium atque itinerantium bibliotheca. Or, A complete collection of voyages and travels. Consisting of above six hundred of the most authentic writers ... Now carefully revised, with large additions, and continued down to the present time; including particular accounts of the manufactures and commerce of each country. London : Printed for T. Woodward [etc.], 1744-48.|~|Harris, John. Navigantium atque itinerantium bibliotheca. Or, A complete collection of voyages and travels. Consisting of above six hundred of the most authentic writers ... Now carefully revised, with large additions, and continued down to the present time; including particular accounts of the manufactures and commerce of each country. London : Printed for T. Woodward [etc.], 1744-48.",,Page 716|~|Page 716,,https://iiif.library.ucla.edu/iiif/2/ark%3A%2F21198%2Fzz002h6p6r,http://iiif.library.ucla.edu/ark%3A%2F21198%2Fzz002h6p6r/manifest
ark:/21198/zz002h6p78,map,Masters/Maps/southe/image/21198-zz002h6p78_2236034_master.tif,65,copyrighted,"UCLA Library, Los Angeles",,,The Diocese of Cape Town to Illustrate the Bishop of Cape Town's Visitation of 1850.,,,,,1850,18.5 x 41 cm,"Flemyng, Francis Patrick. Kaffraria, and its inhabitants. By the Rev. Francis Fleming. London : Smith, Elder, and co.; [etc., etc.], 1853.",,Page 1,,https://iiif.library.ucla.edu/iiif/2/ark%3A%2F21198%2Fzz002h6p78,http://iiif.library.ucla.edu/ark%3A%2F21198%2Fzz002h6p78/manifest
ark:/21198/zz002h6x64,map,Masters/Maps/southe/image/21198-zz002h6x64_2234319_master.tif,66,copyrighted,"UCLA Library, Los Angeles",,,"Plan du Cap de Bonne Esperance et de ses Environs; leve en 1793 par L. De Grand Pre, Officer de la Marine francaise; pour servir a ses Voyages sur les cotes d'Afrique",,,,,1793,47 x 27 cm,"Grandpré, L. de. Voyage à la côte occidentale d’Afrique fait dans les années 1786 et 1787 ... suivi d’un Voyage fait au cap de Bonne-Espérance, contenant la description militaire de cette colonie. Par L. de Grandpré. Paris : Dentu, 1801.",,Volume 2 Page 165,,https://iiif.library.ucla.edu/iiif/2/ark%3A%2F21198%2Fzz002h6x64,http://iiif.library.ucla.edu/ark%3A%2F21198%2Fzz002h6x64/manifest
ark:/21198/zz002h6x7n,map,Masters/Maps/southe/image/21198-zz002h6x7n_2234384_master.tif,67,copyrighted,"UCLA Library, Los Angeles",,,Plan de Citadelle du Cap de Bonne Esperance,,,,,[1856],,"Grandpré, L. de. Voyage à la côte occidentale d’Afrique fait dans les années 1786 et 1787 ... suivi d’un Voyage fait au cap de Bonne-Espérance, contenant la description militaire de cette colonie. Par L. de Grandpré. Paris : Dentu, 1801.",,Volume 2Page 206,,https://iiif.library.ucla.edu/iiif/2/ark%3A%2F21198%2Fzz002h6x7n,http://iiif.library.ucla.edu/ark%3A%2F21198%2Fzz002h6x7n/manifest
ark:/21198/zz002h6x85,map,Masters/Maps/southe/image/21198-zz002h6x85_2234320_master.tif,68,copyrighted,"UCLA Library, Los Angeles",,,"Military plan of the Cape Peninsula drawn by order of the Dutch Govt and revised and corrected by  Lieut. Col. Bridges, Royal Engineer.",,,,,1803,55 x 24.5 cm,"Barrow, John, Sir. An account of travels into the interior of southern Africa, in the years 1797 and 1798. London : T. Cadell, jun. and W. Davies, 1801-1804.",,Volume 2Page 205,,https://iiif.library.ucla.edu/iiif/2/ark%3A%2F21198%2Fzz002h6x85,http://iiif.library.ucla.edu/ark%3A%2F21198%2Fzz002h6x85/manifest
ark:/21198/zz002h6x9p,map,Masters/Maps/southe/image/21198-zz002h6x9p_2234512_master.tif,69,copyrighted,"UCLA Library, Los Angeles",,,"Coast of Africa from Table Bay at the Cape of Good Hope, to Saldanha Bay.",,,,,1804,24 x 69.5 cm,"Barrow, John, Sir. An account of travels into the interior of southern Africa, in the years 1797 and 1798. 	 London : T. Cadell, jun. and W. Davies, 1801-1804.",,Volume 2Page 261,,https://iiif.library.ucla.edu/iiif/2/ark%3A%2F21198%2Fzz002h6x9p,http://iiif.library.ucla.edu/ark%3A%2F21198%2Fzz002h6x9p/manifest
ark:/21198/zz002h6xb6,map,Masters/Maps/southe/image/21198-zz002h6xb6_2234366_master.tif,70,copyrighted,"UCLA Library, Los Angeles",,,"Mossel Bay on the S.E. Coast of Africa…Surveyed in Sept. 1797 by Lieut. Wm McPherson Rice, Royal Navy.",,,,,1797,26 x 20 cm,"Barrow, John, Sir. An account of travels into the interior of southern Africa, in the years 1797 and 1798. 	 London : T. Cadell, jun. and W. Davies, 1801-1804.",,Volume 2 Page 70,,https://iiif.library.ucla.edu/iiif/2/ark%3A%2F21198%2Fzz002h6xb6,http://iiif.library.ucla.edu/ark%3A%2F21198%2Fzz002h6xb6/manifest
ark:/21198/zz002h6xcq,map,Masters/Maps/southe/image/21198-zz002h6xcq_2234545_master.tif,71,copyrighted,"UCLA Library, Los Angeles",,,"Plettenbergs Bay on the S.E. coast of Africa…Surveyed in July & Aug. 1797, by Lieut. Wm McPherson Rice, R. Navy.",,,,,1797,24.5 x 21 cm,"Barrow, John, Sir. An account of travels into the interior of southern Africa, in the years 1797 and 1798. 	 London : T. Cadell, jun. and W. Davies, 1801-1804.",,Volume 2 Page 70,,https://iiif.library.ucla.edu/iiif/2/ark%3A%2F21198%2Fzz002h6xcq,http://iiif.library.ucla.edu/ark%3A%2F21198%2Fzz002h6xcq/manifest
ark:/21198/zz002h6xd7,map,Masters/Maps/southe/image/21198-zz002h6xd7_2234552_master.tif,72,copyrighted,"UCLA Library, Los Angeles",,,"Algoa Bay on the S.E. Coast of Africa…Surveyed in Aug. & September (1797) by Lieut. Wm McPherson Rice, Royal Navy.",,,,,1797,42.5 x 24 cm,"Barrow, John, Sir. An account of travels into the interior of southern Africa, in the years 1797 and 1798. 	 London : T. Cadell, jun. and W. Davies, 1801-1804.",,Volume 2Page 86,,https://iiif.library.ucla.edu/iiif/2/ark%3A%2F21198%2Fzz002h6xd7,http://iiif.library.ucla.edu/ark%3A%2F21198%2Fzz002h6xd7/manifest
ark:/21198/zz002h6xg8,map,Masters/Maps/southe/image/21198-zz002h6xg8_2251491_master.tif,73,copyrighted,"UCLA Library, Los Angeles",,,"Chart of Table Bay at the Cape of Good Hope, as taken in the year 1786 by order of the Governor van de Graaff.",,,,,1786,36.5 x 23.5 cm,"Barrow, John, Sir. An account of travels into the interior of southern Africa, in the years 1797 and 1798. 	 London : T. Cadell, jun. and W. Davies, 1801-1804.",,Volume 2Page 255,,https://iiif.library.ucla.edu/iiif/2/ark%3A%2F21198%2Fzz002h6xg8,http://iiif.library.ucla.edu/ark%3A%2F21198%2Fzz002h6xg8/manifest
ark:/21198/zz002h6xhs,map,Masters/Maps/southe/image/21198-zz002h6xhs_2234393_master.tif,74,copyrighted,"UCLA Library, Los Angeles",,,"False Bay at the Cape of Good Hope with the Soundings as taken in the Year 1797, by order of Rear Adml Pringle.",,,,,1797,24 x 25.5 cm,"Barrow, John, Sir. An account of travels into the interior of southern Africa, in the years 1797 and 1798. 	 London : T. Cadell, jun. and W. Davies, 1801-1804.",,Volume 2Page 258,,https://iiif.library.ucla.edu/iiif/2/ark%3A%2F21198%2Fzz002h6xhs,http://iiif.library.ucla.edu/ark%3A%2F21198%2Fzz002h6xhs/manifest
ark:/21198/zz002h6xj9,map,Masters/Maps/southe/image/21198-zz002h6xj9_2234371_master.tif,75,copyrighted,"UCLA Library, Los Angeles",,,"Chart of the Knysna, An Arm of the Sea Seven Leagues to the Westward of  Plettenberg's Bay.  Surveyed by Mr. James Callendar.",,,,,1804,19 x 28 cm,"Barrow, John, Sir. An account of travels into the interior of southern Africa, in the years 1797 and 1798. 	 London : T. Cadell, jun. and W. Davies, 1801-1804.",,Volume 2 Page 76,,https://iiif.library.ucla.edu/iiif/2/ark%3A%2F21198%2Fzz002h6xj9,http://iiif.library.ucla.edu/ark%3A%2F21198%2Fzz002h6xj9/manifest
ark:/21198/zz002h6xkt,map,Masters/Maps/southe/image/21198-zz002h6xkt_2236035_master.tif,76,copyrighted,"UCLA Library, Los Angeles",,,"Africa North-East of the Cape Colony, exhibiting the relative positions of the Emigrant Farmers and the Native Tribes. May 1837. By W.C. Harris...",,,,,1837,47.5 x 41 cm,"Harris, William Cornwallis, Sir. Narrative of an expedition into southern Africa, during the years 1836, and 1837. Bombay : Printed at the American mission press, 1838.",,Map separate from book (inserted),,https://iiif.library.ucla.edu/iiif/2/ark%3A%2F21198%2Fzz002h6xkt,http://iiif.library.ucla.edu/ark%3A%2F21198%2Fzz002h6xkt/manifest
ark:/21198/zz002h6xmb,map,Masters/Maps/southe/image/21198-zz002h6xmb_2251501_master.tif,77,copyrighted,"UCLA Library, Los Angeles",,,Chart of False Bay.,,,,,1783,12.5 x 11 cm,"Sparrman, Anders. Resa till Goda Hopps-udden, Södra. Stockholm : Tryckt hos A. J. Nordstrolm, 1783-1818.",,Volume 1End of Book Same page as main map (corner),,https://iiif.library.ucla.edu/iiif/2/ark%3A%2F21198%2Fzz002h6xmb,http://iiif.library.ucla.edu/ark%3A%2F21198%2Fzz002h6xmb/manifest
ark:/21198/zz002h7k36,map,Masters/Maps/southe/image/21198-zz002h7k36_2251500_master.tif,78,copyrighted,"UCLA Library, Los Angeles",,,"Carte der SudlichenSpitze von Africa, Zu Paterson's Reisen",,,,,1790,9.5 x 7.5 cm.,"Paterson, William. Reisen in das Land der Hottentotten und der Kaffern, waÌˆhrend der Jahre 1777, 1778 und 1779 [von] Wilhelm Patterson. Aus dem Englischen uÌˆbersetzt und mit Anmerkungen begleitet von Johann Reinhold Forster ...Berlin : C.F. Voss, 1790.",,End of Book Volume 2,,https://iiif.library.ucla.edu/iiif/2/ark%3A%2F21198%2Fzz002h7k36,http://iiif.library.ucla.edu/ark%3A%2F21198%2Fzz002h7k36/manifest
ark:/21198/zz002h7k4q,map,Masters/Maps/southe/image/21198-zz002h7k4q_2251508_master.tif,79,copyrighted,"UCLA Library, Los Angeles",,,A New Map of the Cape of Good Hope,,,,,1719,14 x 19 cm.,"Kolb, Peter. The present state of the Cape of Good Hope: or, A particular account of the several nations of the Hottentots: their religion, government, laws, customs, ceremonies, and opinions; their art of war, professions, language, genius, &c. Together with a short account of the Dutch settlement at the cape. Written originally in High German, by Peter Kolben. Done into English from the original by Mr. Medley. London : W. Innys, 1731.",,Volume 2Page 16,,https://iiif.library.ucla.edu/iiif/2/ark%3A%2F21198%2Fzz002h7k4q,http://iiif.library.ucla.edu/ark%3A%2F21198%2Fzz002h7k4q/manifest
ark:/21198/zz002h7k57,map,Masters/Maps/southe/image/21198-zz002h7k57_2251490_master.tif,80,copyrighted,"UCLA Library, Los Angeles",,,Map to Illustrate Capt. Alexander's Route in South Africa.,,,,,1838,13.5 x 6 cm.,"Alexander, James Edward, Sir. An expedition of discovery into the interior of Africa, through the hitherto undescribed countries of the Great Namaquas, Boschmans, and Hill Damaras. Performed under the auspices of Her Majesty’s government, and the Royal geographical society; and conducted by Sir James Edward Alexander. London : H. Colburn, 1838.",,Page 1,,https://iiif.library.ucla.edu/iiif/2/ark%3A%2F21198%2Fzz002h7k57,http://iiif.library.ucla.edu/ark%3A%2F21198%2Fzz002h7k57/manifest
ark:/21198/zz002h7k6r,map,Masters/Maps/southe/image/21198-zz002h7k6r_2234538_master.tif,81,copyrighted,"UCLA Library, Los Angeles",,,Cape of Good Hope,,,,,1812,14 x 11.5 cm.,"The Naval chronicle : containing a general and biographical history of the royal navy of the United kingdom with a variety of original papers on nautical subjects / under the guidance of several literary and professional men. London : J. Gold, [1799-1818]",,Page 496,,https://iiif.library.ucla.edu/iiif/2/ark%3A%2F21198%2Fzz002h7k6r,http://iiif.library.ucla.edu/ark%3A%2F21198%2Fzz002h7k6r/manifest
ark:/21198/zz002h7k78,map,Masters/Maps/southe/image/21198-zz002h7k78_2251549_master.tif,82,copyrighted,"UCLA Library, Los Angeles",,,Insvla S. Lavrentii vulgo Madagascar,,,,,1668,,"Dapper, Olfert. Description de l’Afrique, contenant les noms, la situation & les confins de toutes ses parties, leurs rivieres, leurs villes & leurs habitations, leurs plantes & leurs animaux; les mÅ“urs, les couÌ‚tumes, la langue, les richesses, la religion & le gouvernement de ses peuples. Avec des cartes des EÌtats, des provinces & des villes, & des figures en taille-douce, qui representent les habits & les principales ceremonies des habitans, les plantes & les animaux les moins connus. Tr. du flamand d’O.Amsterdam : Wolfgang, Waesberge, Boom & van Someren, 1686.",,Page 427,,https://iiif.library.ucla.edu/iiif/2/ark%3A%2F21198%2Fzz002h7k78,http://iiif.library.ucla.edu/ark%3A%2F21198%2Fzz002h7k78/manifest
ark:/21198/zz002h7k8s,map,Masters/Maps/southe/image/21198-zz002h7k8s_2251487_master.tif,83,copyrighted,"UCLA Library, Los Angeles",,,Carte des Pays et des Peuples du Cap de Bonne Esperance Nouvellement Decouverts par les Hollandois,,,,,1686,14 x 15 cm.,"Tachard, Guy. A relation of the voyage to Siam. Performed by six Jesuits, sent by the French king, to the Indies and China, in the year, 1685. With their astrological observations, and their remarks of natural philosophy, geography, hydrography, and history. Published in the original, by the express orders of His Most Christian Majesty. And now made English, and illustrated with sculptures. London : Printed by T.B. for J. Robinson and A. Churchil, 1688.",,Page 64,,https://iiif.library.ucla.edu/iiif/2/ark%3A%2F21198%2Fzz002h7k8s,http://iiif.library.ucla.edu/ark%3A%2F21198%2Fzz002h7k8s/manifest
ark:/21198/zz002h7k99,map,Masters/Maps/southe/image/21198-zz002h7k99_2234535_master.tif,84,copyrighted,"UCLA Library, Los Angeles",,,Saldanha Bay,,,,,1812,,"The Naval chronicle : containing a general and biographical history of the royal navy of the United kingdom with a variety of original papers on nautical subjects / under the guidance of several literary and professional men. London : J. Gold, [1799-1818]",,Page 148,,https://iiif.library.ucla.edu/iiif/2/ark%3A%2F21198%2Fzz002h7k99,http://iiif.library.ucla.edu/ark%3A%2F21198%2Fzz002h7k99/manifest
ark:/21198/zz002h7kbt,map,Masters/Maps/southe/image/21198-zz002h7kbt_2251520_master.tif,85,copyrighted,"UCLA Library, Los Angeles",,,Africae Accurata Tabula ex Officina Iacobum Meursium,,,,,1668,42 x 53 cm.,"Dapper, Olfert. Description de l’Afrique, contenant les noms, la situation & les confins de toutes ses parties, leurs rivieres, leurs villes & leurs habitations, leurs plantes & leurs animaux; les mÅ“urs, les couÌ‚tumes, la langue, les richesses, la religion & le gouvernement de ses peuples. Avec des cartes des EÌtats, des provinces & des villes, & des figures en taille-douce, qui representent les habits & les principales ceremonies des habitans, les plantes & les animaux les moins connus. Tr. du flamand d’O.Amsterdam : Wolfgang, Waesberge, Boom & van Someren, 1686.",,Page 1,,https://iiif.library.ucla.edu/iiif/2/ark%3A%2F21198%2Fzz002h7kbt,http://iiif.library.ucla.edu/ark%3A%2F21198%2Fzz002h7kbt/manifest
ark:/21198/zz002h7kcb,map,Masters/Maps/southe/image/21198-zz002h7kcb_2236038_master.tif,86,copyrighted,"UCLA Library, Los Angeles",,,Carte pour L'Intelligence du Voyage,,,,,[1847],,"Delegorgue, Adulphe. Voyage dans l’Afrique Australe : notamment dans le territoire de Natal dans celui des Cafres Amazoulous et Makatisses et jusqu’au tropique du Capricorne, exeÌcuteÌ durant les anneÌes 1838, 1839, 1840, 1841, 1842, 1843 & 1844 / par M. Adulphe Delegorgue (de Douai) avec une introduction par M. Albert-MonteÌmont. Paris : A. ReneÌ, 1847.",,Page 576,,https://iiif.library.ucla.edu/iiif/2/ark%3A%2F21198%2Fzz002h7kcb,http://iiif.library.ucla.edu/ark%3A%2F21198%2Fzz002h7kcb/manifest
ark:/21198/zz002h7kdv,map,Masters/Maps/southe/image/21198-zz002h7kdv_2251511_master.tif,87,copyrighted,"UCLA Library, Los Angeles",,,"Mappa Geographica Promontorii Bonae Spei Cum Belgarum Coloniis nec non Hottentottum Stationibus, quam ex propriis ovservationibus et Incolarum relatis...",,,,,1783,32.5 x 53 cm,"Sparrman, Anders.Resa till Goda Hopps-udden, SoÌˆdra, pol-kretsen och omkring jordklotet, samt till Hottentott- och Caffer-landen, aÌŠren 1772-76, af Anders Sparrman. Stockholm : Tryckt hos A. J. NordstroÌˆm, 1783-1818.",,End of Book Volume 1,,https://iiif.library.ucla.edu/iiif/2/ark%3A%2F21198%2Fzz002h7kdv,http://iiif.library.ucla.edu/ark%3A%2F21198%2Fzz002h7kdv/manifest
ark:/21198/zz002h7kjx,map,Masters/Maps/southe/image/21198-zz002h7kjx_2251544_master.tif,88,copyrighted,"UCLA Library, Los Angeles","Africa, Southern $v Maps",,Insulae Canariae alias Fortunatae dictae,,,,,1668,,"Dapper, Olfert. Description de l’Afrique, contenant les noms, la situation & les confins de toutes ses parties, leurs rivieres, leurs villes & leurs habitations, leurs plantes & leurs animaux; les mÅ“urs, les couÌ‚tumes, la langue, les richesses, la religion & le gouvernement de ses peuples. Avec des cartes des EÌtats, des provinces & des villes, & des figures en taille-douce, qui representent les habits & les principales ceremonies des habitans, les plantes & les animaux les moins connus. Tr. du flamand d’O.Amsterdam : Wolfgang, Waesberge, Boom & van Someren, 1686.",,Page 496,,https://iiif.library.ucla.edu/iiif/2/ark%3A%2F21198%2Fzz002h7kjx,http://iiif.library.ucla.edu/ark%3A%2F21198%2Fzz002h7kjx/manifest
ark:/21198/zz002h7kkf,map,Masters/Maps/southe/image/21198-zz002h7kkf_2251515_master.tif,89,copyrighted,"UCLA Library, Los Angeles",,,Map to Illustrate Capt. Alexander's Route in South Africa.,,,,,1838,37.5 x 22.5 cm.,"Alexander, James Edward, Sir. An expedition of discovery into the interior of Africa, through the hitherto undescribed countries of the Great Namaquas, Boschmans, and Hill Damaras. Performed under the auspices of Her Majesty’s government, and the Royal geographical society; and conducted by Sir James Edward Alexander. London : H. Colburn, 1838.",,1,,https://iiif.library.ucla.edu/iiif/2/ark%3A%2F21198%2Fzz002h7kkf,http://iiif.library.ucla.edu/ark%3A%2F21198%2Fzz002h7kkf/manifest
ark:/21198/zz002h7kmz,map,Masters/Maps/southe/image/21198-zz002h7kmz_2251523_master.tif,90,copyrighted,"UCLA Library, Los Angeles",,,Nora Egypt Tabula 1,,,,,1668,,"Dapper, Olfert. Description de l’Afrique, contenant les noms, la situation & les confins de toutes ses parties, leurs rivieres, leurs villes & leurs habitations, leurs plantes & leurs animaux; les mÅ“urs, les couÌ‚tumes, la langue, les richesses, la religion & le gouvernement de ses peuples. Avec des cartes des EÌtats, des provinces & des villes, & des figures en taille-douce, qui representent les habits & les principales ceremonies des habitans, les plantes & les animaux les moins connus. Tr. du flamand d’O.Amsterdam : Wolfgang, Waesberge, Boom & van Someren, 1686.",,Page 32,,https://iiif.library.ucla.edu/iiif/2/ark%3A%2F21198%2Fzz002h7kmz,http://iiif.library.ucla.edu/ark%3A%2F21198%2Fzz002h7kmz/manifest
ark:/21198/zz002h7kng,map,Masters/Maps/southe/image/21198-zz002h7kng_2251524_master.tif,91,copyrighted,"UCLA Library, Los Angeles",,,Barbaria Biledulgerid o: Libye er Pars Nigritarum Terra,,,,,1668,,"Dapper, Olfert. Description de l’Afrique, contenant les noms, la situation & les confins de toutes ses parties, leurs rivieres, leurs villes & leurs habitations, leurs plantes & leurs animaux; les mÅ“urs, les couÌ‚tumes, la langue, les richesses, la religion & le gouvernement de ses peuples. Avec des cartes des EÌtats, des provinces & des villes, & des figures en taille-douce, qui representent les habits & les principales ceremonies des habitans, les plantes & les animaux les moins connus. Tr. du flamand d’O.Amsterdam : Wolfgang, Waesberge, Boom & van Someren, 1686.",,Page 116,,https://iiif.library.ucla.edu/iiif/2/ark%3A%2F21198%2Fzz002h7kng,http://iiif.library.ucla.edu/ark%3A%2F21198%2Fzz002h7kng/manifest
ark:/21198/zz002h7kp0,map,Masters/Maps/southe/image/21198-zz002h7kp0_2251529_master.tif,92,copyrighted,"UCLA Library, Los Angeles",,,Fezza et Marocchi Regna Africae Celeberrima,,,,,1668,,"Dapper, Olfert. Description de l’Afrique, contenant les noms, la situation & les confins de toutes ses parties, leurs rivieres, leurs villes & leurs habitations, leurs plantes & leurs animaux; les mÅ“urs, les couÌ‚tumes, la langue, les richesses, la religion & le gouvernement de ses peuples. Avec des cartes des EÌtats, des provinces & des villes, & des figures en taille-douce, qui representent les habits & les principales ceremonies des habitans, les plantes & les animaux les moins connus. Tr. du flamand d’O.Amsterdam : Wolfgang, Waesberge, Boom & van Someren, 1686.",,Page 125,,https://iiif.library.ucla.edu/iiif/2/ark%3A%2F21198%2Fzz002h7kp0,http://iiif.library.ucla.edu/ark%3A%2F21198%2Fzz002h7kp0/manifest
ark:/21198/zz002h7kqh,map,Masters/Maps/southe/image/21198-zz002h7kqh_2251530_master.tif,93,copyrighted,"UCLA Library, Los Angeles",,,Nigritarum Regio,,,,,1668,,"Dapper, Olfert. Description de l’Afrique, contenant les noms, la situation & les confins de toutes ses parties, leurs rivieres, leurs villes & leurs habitations, leurs plantes & leurs animaux; les mÅ“urs, les couÌ‚tumes, la langue, les richesses, la religion & le gouvernement de ses peuples. Avec des cartes des EÌtats, des provinces & des villes, & des figures en taille-douce, qui representent les habits & les principales ceremonies des habitans, les plantes & les animaux les moins connus. Tr. du flamand d’O.Amsterdam : Wolfgang, Waesberge, Boom & van Someren, 1686.",,Page 218,,https://iiif.library.ucla.edu/iiif/2/ark%3A%2F21198%2Fzz002h7kqh,http://iiif.library.ucla.edu/ark%3A%2F21198%2Fzz002h7kqh/manifest
ark:/21198/zz002h7kr1,map,Masters/Maps/southe/image/21198-zz002h7kr1_2251535_master.tif,94,copyrighted,"UCLA Library, Los Angeles",,,Guinea,,,,,1668,,"Dapper, Olfert. Description de l’Afrique, contenant les noms, la situation & les confins de toutes ses parties, leurs rivieres, leurs villes & leurs habitations, leurs plantes & leurs animaux; les mÅ“urs, les couÌ‚tumes, la langue, les richesses, la religion & le gouvernement de ses peuples. Avec des cartes des EÌtats, des provinces & des villes, & des figures en taille-douce, qui representent les habits & les principales ceremonies des habitans, les plantes & les animaux les moins connus. Tr. du flamand d’O.Amsterdam : Wolfgang, Waesberge, Boom & van Someren, 1686.",,Page 251,,https://iiif.library.ucla.edu/iiif/2/ark%3A%2F21198%2Fzz002h7kr1,http://iiif.library.ucla.edu/ark%3A%2F21198%2Fzz002h7kr1/manifest
ark:/21198/zz002h7ksj,map,Masters/Maps/southe/image/21198-zz002h7ksj_2251536_master.tif,95,copyrighted,"UCLA Library, Los Angeles",,,Aethiopia Superior vel Interior vulgo Abissinorum five Presbiteriioannis Imperior.,,,,,1668,,"Dapper, Olfert. Description de l’Afrique, contenant les noms, la situation & les confins de toutes ses parties, leurs rivieres, leurs villes & leurs habitations, leurs plantes & leurs animaux; les mÅ“urs, les couÌ‚tumes, la langue, les richesses, la religion & le gouvernement de ses peuples. Avec des cartes des EÌtats, des provinces & des villes, & des figures en taille-douce, qui representent les habits & les principales ceremonies des habitans, les plantes & les animaux les moins connus. Tr. du flamand d’O.Amsterdam : Wolfgang, Waesberge, Boom & van Someren, 1686.",,Page 320,,https://iiif.library.ucla.edu/iiif/2/ark%3A%2F21198%2Fzz002h7ksj,http://iiif.library.ucla.edu/ark%3A%2F21198%2Fzz002h7ksj/manifest
ark:/21198/zz002h7kt2,map,Masters/Maps/southe/image/21198-zz002h7kt2_2251541_master.tif,96,copyrighted,"UCLA Library, Los Angeles",,,Regna Congo et Angola,,,,,1668,,"Dapper, Olfert. Description de l’Afrique, contenant les noms, la situation & les confins de toutes ses parties, leurs rivieres, leurs villes & leurs habitations, leurs plantes & leurs animaux; les mÅ“urs, les couÌ‚tumes, la langue, les richesses, la religion & le gouvernement de ses peuples. Avec des cartes des EÌtats, des provinces & des villes, & des figures en taille-douce, qui representent les habits & les principales ceremonies des habitans, les plantes & les animaux les moins connus. Tr. du flamand d’O.Amsterdam : Wolfgang, Waesberge, Boom & van Someren, 1686.",,Page 341,,https://iiif.library.ucla.edu/iiif/2/ark%3A%2F21198%2Fzz002h7kt2,http://iiif.library.ucla.edu/ark%3A%2F21198%2Fzz002h7kt2/manifest
ark:/21198/zz002jjz71,map,Masters/Maps/southe/image/21198-zz002jjz71_2340044_master.tif,97,copyrighted,"UCLA Library, Los Angeles",Africa $v Maps $v Early works to 1800 $v Facsimiles,"Pigafetta, Filippo, $d 1533-1604","Africa according to Pigafetta, 1591",Africa & il Capo di Buona Speranza,Worger 1868280 page 48,,,1893?,,"Keltie, John Scott, Sir, 1840-1927. Partition of Africa. 2d ed. London : E. Stanford, 1895. (OCoLC)01335084. Page 48",,Relief shown pictorially.,,https://iiif.library.ucla.edu/iiif/2/ark%3A%2F21198%2Fzz002jjz71,http://iiif.library.ucla.edu/ark%3A%2F21198%2Fzz002jjz71/manifest
ark:/21198/zz002jjz8j,map,Masters/Maps/southe/image/21198-zz002jjz8j_2340047_master.tif,98,copyrighted,"UCLA Library, Los Angeles",Africa $v Maps $v Early works to 1800 $v Facsimiles,"Meurs, Jacob van, $d 1619-1680",Africa : accurata tabula,"Africa by Jacob van Meurs, 1668 from Dapper's Africa",Worger 1868280 page 66,,,1893?,,"Keltie, John Scott, Sir, 1840-1927. Partition of Africa. 2d ed. London : E. Stanford, 1895. (OCoLC)01335084. Page 66",,Relief shown pictorially,"Edward Stanford, London",https://iiif.library.ucla.edu/iiif/2/ark%3A%2F21198%2Fzz002jjz8j,http://iiif.library.ucla.edu/ark%3A%2F21198%2Fzz002jjz8j/manifest
ark:/21198/zz002jjz92,map,Masters/Maps/southe/image/21198-zz002jjz92_2340053_master.tif,99,copyrighted,"UCLA Library, Los Angeles",Africa $x Politics and government $v Maps|~|Africa $x Colonization $v Maps,,"Africa. European possessions in 1884, before the Berlin Conference",,Worger 1868280 page 192,,,1893?,,"Keltie, John Scott, Sir, 1840-1927. Partition of Africa. 2d ed. London : E. Stanford, 1895. (OCoLC)01335084. Page 192",,,"Edward Stanford, London",https://iiif.library.ucla.edu/iiif/2/ark%3A%2F21198%2Fzz002jjz92,http://iiif.library.ucla.edu/ark%3A%2F21198%2Fzz002jjz92/manifest
ark:/21198/zz002jjzbk,map,Masters/Maps/southe/image/21198-zz002jjzbk_2340056_master.tif,100,copyrighted,"UCLA Library, Los Angeles",Africa $x Politics and government $v Maps|~|Africa $x Colonization $v Maps,,"Africa. European possessions in 1885, after the Berlin Conference",,Worger 1868280 page 228,,,1893?,,"Keltie, John Scott, Sir, 1840-1927. Partition of Africa. 2d ed. London : E. Stanford, 1895. (OCoLC)01335084. Page 228",,,"Edward Stanford, London",https://iiif.library.ucla.edu/iiif/2/ark%3A%2F21198%2Fzz002jjzbk,http://iiif.library.ucla.edu/ark%3A%2F21198%2Fzz002jjzbk/manifest
